output/bates/output/image_vectors/729441043925205.jpg.npy,12
output/bates/output/image_vectors/10100439846097061.jpg.npy,15
output/bates/output/image_vectors/729238077278835.jpg.npy,5
output/bates/output/image_vectors/10100988234367571.jpg.npy,14
output/bates/output/image_vectors/10100544530164351.jpg.npy,18
output/bates/output/image_vectors/505385511591.jpg.npy,18
output/bates/output/image_vectors/505385297021.jpg.npy,11
output/bates/output/image_vectors/727756417427001.jpg.npy,17
output/bates/output/image_vectors/727771807425462.jpg.npy,10
output/bates/output/image_vectors/10100988230031261.jpg.npy,13
output/bates/output/image_vectors/10100988281857401.jpg.npy,19
output/bates/output/image_vectors/729381220597854.jpg.npy,18
output/bates/output/image_vectors/727789634090346.jpg.npy,6
output/bates/output/image_vectors/10100651419137991.jpg.npy,17
output/bates/output/image_vectors/10100988273813521.jpg.npy,16
output/bates/output/image_vectors/10100988267236701.jpg.npy,1
output/bates/output/image_vectors/10100988271128901.jpg.npy,6
output/bates/output/image_vectors/10100988227132071.jpg.npy,2
output/bates/output/image_vectors/716752450551.jpg.npy,18
output/bates/output/image_vectors/10100988225350641.jpg.npy,2
output/bates/output/image_vectors/10100988269591981.jpg.npy,10
output/bates/output/image_vectors/10100988290659761.jpg.npy,4
output/bates/output/image_vectors/10100988281727661.jpg.npy,2
output/bates/output/image_vectors/10100988286034031.jpg.npy,7
output/bates/output/image_vectors/10100988284162781.jpg.npy,6
output/bates/output/image_vectors/10100988281323471.jpg.npy,1
output/bates/output/image_vectors/727751307427512.jpg.npy,3
output/bates/output/image_vectors/10100988278000131.jpg.npy,2
output/bates/output/image_vectors/10100988283883341.jpg.npy,2
output/bates/output/image_vectors/10100988272695761.jpg.npy,4
output/bates/output/image_vectors/10100988287775541.jpg.npy,7
output/bates/output/image_vectors/505385316981.jpg.npy,9
output/bates/output/image_vectors/727764680759508.jpg.npy,5
output/bates/output/image_vectors/10100146401662061.jpg.npy,9
output/bates/output/image_vectors/10100988287431231.jpg.npy,8
output/bates/output/image_vectors/729778807224762.jpg.npy,5
output/bates/output/image_vectors/727789487423694.jpg.npy,5
output/bates/output/image_vectors/916290000701.jpg.npy,8
output/bates/output/image_vectors/887698448401.jpg.npy,15
output/bates/output/image_vectors/10100988279557011.jpg.npy,6
output/bates/output/image_vectors/10100988287231631.jpg.npy,18
output/bates/output/image_vectors/10100988228229871.jpg.npy,8
output/bates/output/image_vectors/10100245209665031.jpg.npy,6
output/bates/output/image_vectors/727761397426503.jpg.npy,9
output/bates/output/image_vectors/729265453942764.jpg.npy,2
output/bates/output/image_vectors/10100988231198921.jpg.npy,14
output/bates/output/image_vectors/10100988270220721.jpg.npy,7
output/bates/output/image_vectors/10100988280669781.jpg.npy,1
output/bates/output/image_vectors/10100988234746811.jpg.npy,14
output/bates/output/image_vectors/10100988284781541.jpg.npy,18
output/bates/output/image_vectors/10100651417501271.jpg.npy,6
output/bates/output/image_vectors/10100988236243811.jpg.npy,4
output/bates/output/image_vectors/727769510759025.jpg.npy,9
output/bates/output/image_vectors/10100988269821521.jpg.npy,7
output/bates/output/image_vectors/10100488196218031.jpg.npy,8
output/bates/output/image_vectors/729243977278245.jpg.npy,3
output/bates/output/image_vectors/10100988272945261.jpg.npy,16
output/bates/output/image_vectors/711358179066825.jpg.npy,5
output/bates/output/image_vectors/10100988266248681.jpg.npy,7
output/bates/output/image_vectors/727754817427161.jpg.npy,17
output/bates/output/image_vectors/505385436741.jpg.npy,19
output/bates/output/image_vectors/729240400611936.jpg.npy,5
output/bates/output/image_vectors/10100988280764591.jpg.npy,1
output/bates/output/image_vectors/10100988288035021.jpg.npy,7
output/bates/output/image_vectors/505385551511.jpg.npy,18
output/bates/output/image_vectors/728347160701260.jpg.npy,18
output/bates/output/image_vectors/10100988236717861.jpg.npy,14
output/bates/output/image_vectors/729937823875527.jpg.npy,2
output/bates/output/image_vectors/505385546521.jpg.npy,3
output/bates/output/image_vectors/10100988230684951.jpg.npy,13
output/bates/output/image_vectors/10100988232336641.jpg.npy,14
output/bates/output/image_vectors/727761517426491.jpg.npy,9
output/bates/output/image_vectors/727787314090578.jpg.npy,18
output/bates/output/image_vectors/10100988271108941.jpg.npy,7
output/bates/output/image_vectors/10100988290205671.jpg.npy,2
output/bates/output/image_vectors/916002212431.jpg.npy,2
output/bates/output/image_vectors/727816364087673.jpg.npy,3
output/bates/output/image_vectors/10100562344444391.jpg.npy,2
output/bates/output/image_vectors/10100988286208681.jpg.npy,6
output/bates/output/image_vectors/10100988287570951.jpg.npy,7
output/bates/output/image_vectors/739633322101.jpg.npy,1
output/bates/output/image_vectors/10100988285450201.jpg.npy,1
output/bates/output/image_vectors/10100988282546021.jpg.npy,16
output/bates/output/image_vectors/10100988282685741.jpg.npy,9
output/bates/output/image_vectors/10100988235625051.jpg.npy,8
output/bates/output/image_vectors/10100988273144861.jpg.npy,16
output/bates/output/image_vectors/729240410611935.jpg.npy,6
output/bates/output/image_vectors/10100988268918331.jpg.npy,10
output/bates/output/image_vectors/727753730760603.jpg.npy,17
output/bates/output/image_vectors/10100988225774791.jpg.npy,2
output/bates/output/image_vectors/10100395400900591.jpg.npy,18
output/bates/output/image_vectors/10100988290709661.jpg.npy,4
output/bates/output/image_vectors/10100988274596951.jpg.npy,7
output/bates/output/image_vectors/505385521571.jpg.npy,18
output/bates/output/image_vectors/10100988271672811.jpg.npy,18
output/bates/output/image_vectors/10100988287301491.jpg.npy,16
output/bates/output/image_vectors/505385581451.jpg.npy,18
output/bates/output/image_vectors/727810707421572.jpg.npy,9
output/bates/output/image_vectors/916289826051.jpg.npy,2
output/bates/output/image_vectors/10100988267566041.jpg.npy,2
output/bates/output/image_vectors/729441037258539.jpg.npy,11
output/bates/output/image_vectors/10100226019851571.jpg.npy,18
output/bates/output/image_vectors/916289836031.jpg.npy,1
output/bates/output/image_vectors/727764517426191.jpg.npy,11
output/bates/output/image_vectors/916290010681.jpg.npy,2
output/bates/output/image_vectors/10100988231303711.jpg.npy,14
output/bates/output/image_vectors/10100988274956231.jpg.npy,7
output/bates/output/image_vectors/10100988281842431.jpg.npy,16
output/bates/output/image_vectors/729381227264520.jpg.npy,6
output/bates/output/image_vectors/10100988274631881.jpg.npy,16
output/bates/output/image_vectors/10101026411894501.jpg.npy,3
output/bates/output/image_vectors/10100988269018131.jpg.npy,1
output/bates/output/image_vectors/727769557425687.jpg.npy,17
output/bates/output/image_vectors/729243973944912.jpg.npy,3
output/bates/output/image_vectors/10100988278973181.jpg.npy,7
output/bates/output/image_vectors/727787204090589.jpg.npy,6
output/bates/output/image_vectors/10100988289651781.jpg.npy,19
output/bates/output/image_vectors/10100988271303551.jpg.npy,2
output/bates/output/image_vectors/10100988265095991.jpg.npy,2
output/bates/output/image_vectors/505385277061.jpg.npy,11
output/bates/output/image_vectors/10100988289157771.jpg.npy,19
output/bates/output/image_vectors/746621802131.jpg.npy,15
output/bates/output/image_vectors/727789520757024.jpg.npy,9
output/bates/output/image_vectors/916290943811.jpg.npy,2
output/bates/output/image_vectors/10100988279701721.jpg.npy,1
output/bates/output/image_vectors/727761404093169.jpg.npy,2
output/bates/output/image_vectors/10100988269941281.jpg.npy,1
output/bates/output/image_vectors/957651701521.jpg.npy,11
output/bates/output/image_vectors/729238110612165.jpg.npy,6
output/bates/output/image_vectors/727769497425693.jpg.npy,11
output/bates/output/image_vectors/505385591431.jpg.npy,18
output/bates/output/image_vectors/10100988227396541.jpg.npy,16
output/bates/output/image_vectors/727750394094270.jpg.npy,17
output/bates/output/image_vectors/10100988237127041.jpg.npy,4
output/bates/output/image_vectors/10100988282785541.jpg.npy,2
output/bates/output/image_vectors/10100988273693761.jpg.npy,4
output/bates/output/image_vectors/10100988265445291.jpg.npy,7
output/bates/output/image_vectors/10100488196437591.jpg.npy,11
output/bates/output/image_vectors/727807224088587.jpg.npy,5
output/bates/output/image_vectors/10100988226059221.jpg.npy,2
output/bates/output/image_vectors/916290354991.jpg.npy,2
output/bates/output/image_vectors/10100988236438421.jpg.npy,4
output/bates/output/image_vectors/10100988269462241.jpg.npy,2
output/bates/output/image_vectors/604013205901.jpg.npy,11
output/bates/output/image_vectors/505385222171.jpg.npy,0
output/bates/output/image_vectors/10100988289028031.jpg.npy,19
output/bates/output/image_vectors/727750354094274.jpg.npy,17
output/bates/output/image_vectors/10100327601456221.jpg.npy,18
output/bates/output/image_vectors/10100988276947241.jpg.npy,7
output/bates/output/image_vectors/727754667427176.jpg.npy,11
output/bates/output/image_vectors/845242839781.jpg.npy,18
output/bates/output/image_vectors/729238067278836.jpg.npy,2
output/bates/output/image_vectors/10100562344199881.jpg.npy,13
output/bates/output/image_vectors/10100988273943261.jpg.npy,10
output/bates/output/image_vectors/10100988285609881.jpg.npy,19
output/bates/output/image_vectors/10100988285006091.jpg.npy,8
output/bates/output/image_vectors/10101019490215601.jpg.npy,13
output/bates/output/image_vectors/10100988288179731.jpg.npy,2
output/bates/output/image_vectors/10100988229901521.jpg.npy,2
output/bates/output/image_vectors/916291218261.jpg.npy,2
output/bates/output/image_vectors/10100544530209261.jpg.npy,18
output/bates/output/image_vectors/10100988230450421.jpg.npy,14
output/bates/output/image_vectors/10100988288923241.jpg.npy,8
output/bates/output/image_vectors/505385182251.jpg.npy,2
output/bates/output/image_vectors/10100488196652161.jpg.npy,11
output/bates/output/image_vectors/10100988267780611.jpg.npy,10
output/bates/output/image_vectors/882744875401.jpg.npy,6
output/bates/output/image_vectors/10100988275939261.jpg.npy,16
output/bates/output/image_vectors/10100988229392541.jpg.npy,8
output/bates/output/image_vectors/729235753945734.jpg.npy,9
output/bates/output/image_vectors/10100488196153161.jpg.npy,8
output/bates/output/image_vectors/729237660612210.jpg.npy,5
output/bates/output/image_vectors/10100988286548001.jpg.npy,16
output/bates/output/image_vectors/10100988226169001.jpg.npy,3
output/bates/output/image_vectors/727750397427603.jpg.npy,6
output/bates/output/image_vectors/10100988227556221.jpg.npy,2
output/bates/output/image_vectors/732581076944535.jpg.npy,17
output/bates/output/image_vectors/727771834092126.jpg.npy,10
output/bates/output/image_vectors/10100988277775581.jpg.npy,7
output/bates/output/image_vectors/727761597426483.jpg.npy,2
output/bates/output/image_vectors/505385536541.jpg.npy,2
output/bates/output/image_vectors/10100480501428451.jpg.npy,6
output/bates/output/image_vectors/10100988274063021.jpg.npy,2
output/bates/output/image_vectors/10100988277291551.jpg.npy,19
output/bates/output/image_vectors/10100988235340621.jpg.npy,14
output/bates/output/image_vectors/10100988267835501.jpg.npy,7
output/bates/output/image_vectors/10100988267211751.jpg.npy,7
output/bates/output/image_vectors/505385282051.jpg.npy,11
output/bates/output/image_vectors/10101026389474431.jpg.npy,9
output/bates/output/image_vectors/10100988230315691.jpg.npy,13
output/bates/output/image_vectors/729469830588993.jpg.npy,3
output/bates/output/image_vectors/10101026392897571.jpg.npy,6
output/bates/output/image_vectors/916290923851.jpg.npy,6
output/bates/output/image_vectors/10100988227825681.jpg.npy,13
output/bates/output/image_vectors/10100988270061041.jpg.npy,9
output/bates/output/image_vectors/10100988270340481.jpg.npy,10
output/bates/output/image_vectors/10100988288519051.jpg.npy,10
output/bates/output/image_vectors/505385571471.jpg.npy,3
output/bates/output/image_vectors/10100988275400341.jpg.npy,4
output/bates/output/image_vectors/10100988275560021.jpg.npy,18
output/bates/output/image_vectors/10100562344204871.jpg.npy,9
output/bates/output/image_vectors/10101019490145741.jpg.npy,18
output/bates/output/image_vectors/10101026414224831.jpg.npy,15
output/bates/output/image_vectors/727751274094182.jpg.npy,11
output/bates/output/image_vectors/10100988284741621.jpg.npy,7
output/bates/output/image_vectors/10100988272730691.jpg.npy,4
output/bates/output/image_vectors/10100988271328501.jpg.npy,3
output/bates/output/image_vectors/10100988277590951.jpg.npy,18
output/bates/output/image_vectors/729265437276099.jpg.npy,12
output/bates/output/image_vectors/10100988270135891.jpg.npy,2
output/bates/output/image_vectors/10100988287391311.jpg.npy,16
output/bates/output/image_vectors/727753787427264.jpg.npy,11
output/bates/output/image_vectors/727807180755258.jpg.npy,5
output/bates/output/image_vectors/10100988282271571.jpg.npy,18
output/bates/output/image_vectors/10100988266553071.jpg.npy,10
output/bates/output/image_vectors/10100488196163141.jpg.npy,17
output/bates/output/image_vectors/729373677265275.jpg.npy,6
output/bates/output/image_vectors/10100988264761661.jpg.npy,16
output/bates/output/image_vectors/10100988235615071.jpg.npy,14
output/bates/output/image_vectors/10100651447795561.jpg.npy,6
output/bates/output/image_vectors/10100988283583941.jpg.npy,2
output/bates/output/image_vectors/916305160321.jpg.npy,6
output/bates/output/image_vectors/10100988286188721.jpg.npy,1
output/bates/output/image_vectors/10100988232007301.jpg.npy,4
output/bates/output/image_vectors/10100244521229661.jpg.npy,15
output/bates/output/image_vectors/729449247257718.jpg.npy,5
output/bates/output/image_vectors/916290340021.jpg.npy,8
output/bates/output/image_vectors/728533950682581.jpg.npy,0
output/bates/output/image_vectors/10100988271168821.jpg.npy,4
output/bates/output/image_vectors/10100988283638831.jpg.npy,2
output/bates/output/image_vectors/727823967420246.jpg.npy,18
output/bates/output/image_vectors/10100988271368421.jpg.npy,3
output/bates/output/image_vectors/10100988268104961.jpg.npy,10
output/bates/output/image_vectors/10100988284447211.jpg.npy,16
output/bates/output/image_vectors/10100988277755621.jpg.npy,3
output/bates/output/image_vectors/10100988267865441.jpg.npy,6
output/bates/output/image_vectors/10100988268643881.jpg.npy,2
output/bates/output/image_vectors/10100988267985201.jpg.npy,2
output/bates/output/image_vectors/729238057278837.jpg.npy,5
output/bates/output/image_vectors/10100988285340421.jpg.npy,4
output/bates/output/image_vectors/10100488196542381.jpg.npy,17
output/bates/output/image_vectors/727761567426486.jpg.npy,18
output/bates/output/image_vectors/729441033925206.jpg.npy,11
output/bates/output/image_vectors/727787174090592.jpg.npy,1
output/bates/output/image_vectors/916291213271.jpg.npy,2
output/bates/output/image_vectors/727753750760601.jpg.npy,11
output/bates/output/image_vectors/727754684093841.jpg.npy,17
output/bates/output/image_vectors/10100988229008311.jpg.npy,8
output/bates/output/image_vectors/727789567423686.jpg.npy,11
output/bates/output/image_vectors/10100988235774751.jpg.npy,14
output/bates/output/image_vectors/729240347278608.jpg.npy,2
output/bates/output/image_vectors/10100988229252821.jpg.npy,4
output/bates/output/image_vectors/10100988267376421.jpg.npy,10
output/bates/output/image_vectors/10100988237097101.jpg.npy,4
output/bates/output/image_vectors/10101000407362791.jpg.npy,4
output/bates/output/image_vectors/10100988227231871.jpg.npy,2
output/bates/output/image_vectors/729235770612399.jpg.npy,9
output/bates/output/image_vectors/10100988269661841.jpg.npy,1
output/bates/output/image_vectors/10100988282426261.jpg.npy,16
output/bates/output/image_vectors/739633691361.jpg.npy,2
output/bates/output/image_vectors/727767764092533.jpg.npy,9
output/bates/output/image_vectors/735524456650197.jpg.npy,12
output/bates/output/image_vectors/727767794092530.jpg.npy,5
output/bates/output/image_vectors/10100988281917281.jpg.npy,2
output/bates/output/image_vectors/815221397991.jpg.npy,18
output/bates/output/image_vectors/10100727933747101.jpg.npy,18
output/bates/output/image_vectors/10100988230979361.jpg.npy,4
output/bates/output/image_vectors/10100988231159001.jpg.npy,8
output/bates/output/image_vectors/10100988236493311.jpg.npy,17
output/bates/output/image_vectors/10100988289152781.jpg.npy,8
output/bates/output/image_vectors/10100988287895301.jpg.npy,17
output/bates/output/image_vectors/727795547423088.jpg.npy,5
output/bates/output/image_vectors/10100988236578141.jpg.npy,14
output/bates/output/image_vectors/10100988227526281.jpg.npy,16
output/bates/output/image_vectors/505385446721.jpg.npy,19
output/bates/output/image_vectors/727798604089449.jpg.npy,5
output/bates/output/image_vectors/505385207201.jpg.npy,11
output/bates/output/image_vectors/10100988284033041.jpg.npy,7
output/bates/output/image_vectors/727761447426498.jpg.npy,18
output/bates/output/image_vectors/729449277257715.jpg.npy,9
output/bates/output/image_vectors/10100988274906331.jpg.npy,7
output/bates/output/image_vectors/10100988236837621.jpg.npy,4
output/bates/output/image_vectors/727751317427511.jpg.npy,6
output/bates/output/image_vectors/729240390611937.jpg.npy,11
output/bates/output/image_vectors/10100988229522281.jpg.npy,14
output/bates/output/image_vectors/10100988284357391.jpg.npy,2
output/bates/output/image_vectors/10100988267176821.jpg.npy,10
output/bates/output/image_vectors/729378560598120.jpg.npy,3
output/bates/output/image_vectors/10100988277895341.jpg.npy,1
output/bates/output/image_vectors/10100099459634261.jpg.npy,18
output/bates/output/image_vectors/594211897801.jpg.npy,2
output/bates/output/image_vectors/727753764093933.jpg.npy,11
output/bates/output/image_vectors/10100100350733491.jpg.npy,18
output/bates/output/image_vectors/727751370760839.jpg.npy,17
output/bates/output/image_vectors/727764770759499.jpg.npy,17
output/bates/output/image_vectors/10100988235849601.jpg.npy,13
output/bates/output/image_vectors/10100988289671741.jpg.npy,8
output/bates/output/image_vectors/729237643945545.jpg.npy,11
output/bates/output/image_vectors/916290345011.jpg.npy,2
output/bates/output/image_vectors/10100988231812691.jpg.npy,14
output/bates/output/image_vectors/505385287041.jpg.npy,11
output/bates/output/image_vectors/10100988272291571.jpg.npy,4
output/bates/output/image_vectors/727757377426905.jpg.npy,3
output/bates/output/image_vectors/10100988227950431.jpg.npy,13
output/bates/output/image_vectors/10100562344159961.jpg.npy,18
output/bates/output/image_vectors/10100988235255791.jpg.npy,14
output/bates/output/image_vectors/10100988290789501.jpg.npy,4
output/bates/output/image_vectors/10100988270794571.jpg.npy,18
output/bates/output/image_vectors/10100988236114071.jpg.npy,14
output/bates/output/image_vectors/10100988236682931.jpg.npy,14
output/bates/output/image_vectors/10100988228464401.jpg.npy,8
output/bates/output/image_vectors/10100988279956211.jpg.npy,1
output/bates/output/image_vectors/10100384312037761.jpg.npy,17
output/bates/output/image_vectors/10100988232027261.jpg.npy,14
output/bates/output/image_vectors/10100988269796571.jpg.npy,16
output/bates/output/image_vectors/10100988235136031.jpg.npy,14
output/bates/output/image_vectors/10100562491340011.jpg.npy,18
output/bates/output/image_vectors/10100392424575171.jpg.npy,6
output/bates/output/image_vectors/10100988234532241.jpg.npy,14
output/bates/output/image_vectors/10100988267625921.jpg.npy,6
output/bates/output/image_vectors/10100988272161831.jpg.npy,19
output/bates/output/image_vectors/10100988286627841.jpg.npy,16
output/bates/output/image_vectors/10100988283793521.jpg.npy,19
output/bates/output/image_vectors/727750370760939.jpg.npy,2
output/bates/output/image_vectors/505385227161.jpg.npy,18
output/bates/output/image_vectors/10100988234971361.jpg.npy,14
output/bates/output/image_vectors/10100988230161001.jpg.npy,13
output/bates/output/image_vectors/784751509891.jpg.npy,16
output/bates/output/image_vectors/10100988266009161.jpg.npy,2
output/bates/output/image_vectors/10100988275250641.jpg.npy,7
output/bates/output/image_vectors/727753807427262.jpg.npy,3
output/bates/output/image_vectors/727750440760932.jpg.npy,6
output/bates/output/image_vectors/10100988286373351.jpg.npy,16
output/bates/output/image_vectors/727754847427158.jpg.npy,17
output/bates/output/image_vectors/10100988230385551.jpg.npy,8
output/bates/output/image_vectors/10100988274312521.jpg.npy,18
output/bates/output/image_vectors/10100988287755581.jpg.npy,16
output/bates/output/image_vectors/916291447801.jpg.npy,18
output/bates/output/image_vectors/10100988285021061.jpg.npy,6
output/bates/output/image_vectors/10100988232152011.jpg.npy,13
output/bates/output/image_vectors/10100988290130821.jpg.npy,2
output/bates/output/image_vectors/505385471671.jpg.npy,19
output/bates/output/image_vectors/729774903891819.jpg.npy,12
output/bates/output/image_vectors/10100988274621901.jpg.npy,7
output/bates/output/image_vectors/676581693071.jpg.npy,18
output/bates/output/image_vectors/727847457417897.jpg.npy,3
output/bates/output/image_vectors/10100988284601901.jpg.npy,7
output/bates/output/image_vectors/735524049983571.jpg.npy,5
output/bates/output/image_vectors/10100988271044071.jpg.npy,18
output/bates/output/image_vectors/10100988273633881.jpg.npy,4
output/bates/output/image_vectors/10100988231208901.jpg.npy,8
output/bates/output/image_vectors/10100988234083141.jpg.npy,4
output/bates/output/image_vectors/505385501611.jpg.npy,3
output/bates/output/image_vectors/10100988278289551.jpg.npy,18
output/bates/output/image_vectors/727789654090344.jpg.npy,5
output/bates/output/image_vectors/916291632431.jpg.npy,2
output/bates/output/image_vectors/727751330760843.jpg.npy,3
output/bates/output/image_vectors/10100988266183811.jpg.npy,2
output/bates/output/image_vectors/505385441731.jpg.npy,19
output/bates/output/image_vectors/10100988265305571.jpg.npy,10
output/bates/output/image_vectors/10100988230200921.jpg.npy,4
output/bates/output/image_vectors/10100988285480141.jpg.npy,2
output/bates/output/image_vectors/505385321971.jpg.npy,11
output/bates/output/image_vectors/10100988231448421.jpg.npy,13
output/bates/output/image_vectors/10100988279746631.jpg.npy,7
output/bates/output/image_vectors/10100988232770771.jpg.npy,14
output/bates/output/image_vectors/746588528811.jpg.npy,15
output/bates/output/image_vectors/727757314093578.jpg.npy,10
output/bates/output/image_vectors/727753710760605.jpg.npy,18
output/bates/output/image_vectors/729449267257716.jpg.npy,9
output/bates/output/image_vectors/10100186987926861.jpg.npy,18
output/bates/output/image_vectors/10100988229976371.jpg.npy,13
output/bates/output/image_vectors/10100988232132051.jpg.npy,8
output/bates/output/image_vectors/729235760612400.jpg.npy,11
output/bates/output/image_vectors/10100988286937221.jpg.npy,4
output/bates/output/image_vectors/10100988236403491.jpg.npy,14
output/bates/output/image_vectors/10100988273334481.jpg.npy,4
output/bates/output/image_vectors/10100988228973381.jpg.npy,4
output/bates/output/image_vectors/10100988231717881.jpg.npy,14
output/bates/output/image_vectors/10100988272086981.jpg.npy,7
output/bates/output/image_vectors/10100988283514081.jpg.npy,2
output/bates/output/image_vectors/10100988273179791.jpg.npy,8
output/bates/output/image_vectors/916291637421.jpg.npy,8
output/bates/output/image_vectors/10100988285170761.jpg.npy,16
output/bates/output/image_vectors/727787247423918.jpg.npy,3
output/bates/output/image_vectors/10100988273753641.jpg.npy,4
output/bates/output/image_vectors/727911814078128.jpg.npy,9
output/bates/output/image_vectors/10100988277870391.jpg.npy,3
output/bates/output/image_vectors/916289816071.jpg.npy,2
output/bates/output/image_vectors/728340464035263.jpg.npy,6
output/bates/output/image_vectors/10100988269851461.jpg.npy,2
output/bates/output/image_vectors/10101025513639611.jpg.npy,15
output/bates/output/image_vectors/10100423589470471.jpg.npy,18
output/bates/output/image_vectors/922233395091.jpg.npy,6
output/bates/output/image_vectors/729265473942762.jpg.npy,12
output/bates/output/image_vectors/729240407278602.jpg.npy,6
output/bates/output/image_vectors/982862039801.jpg.npy,3
output/bates/output/image_vectors/10100988275899341.jpg.npy,19
output/bates/output/image_vectors/728533914015918.jpg.npy,17
output/bates/output/image_vectors/10100988227371591.jpg.npy,2
output/bates/output/image_vectors/10100988225819701.jpg.npy,19
output/bates/output/image_vectors/10100988234602101.jpg.npy,14
output/bates/output/image_vectors/10100988284237631.jpg.npy,2
output/bates/output/image_vectors/727751334094176.jpg.npy,18
output/bates/output/image_vectors/10100988225405531.jpg.npy,18
output/bates/output/image_vectors/10100488196527411.jpg.npy,11
output/bates/output/image_vectors/10100988233269771.jpg.npy,14
output/bates/output/image_vectors/10100988285335431.jpg.npy,3
output/bates/output/image_vectors/730456720490304.jpg.npy,13
output/bates/output/image_vectors/727750414094268.jpg.npy,11
output/bates/output/image_vectors/10100988287521051.jpg.npy,19
output/bates/output/image_vectors/727787294090580.jpg.npy,18
output/bates/output/image_vectors/10100988275031081.jpg.npy,19
output/bates/output/image_vectors/729312153938094.jpg.npy,6
output/bates/output/image_vectors/727911810744795.jpg.npy,3
output/bates/output/image_vectors/10100988280475171.jpg.npy,12
output/bates/output/image_vectors/10100988274452241.jpg.npy,16
output/bates/output/image_vectors/789932492161.jpg.npy,6
output/bates/output/image_vectors/727807210755255.jpg.npy,6
output/bates/output/image_vectors/10100988278928271.jpg.npy,1
output/bates/output/image_vectors/916291832031.jpg.npy,2
output/bates/output/image_vectors/10100988283279551.jpg.npy,1
output/bates/output/image_vectors/727751310760845.jpg.npy,6
output/bates/output/image_vectors/727761527426490.jpg.npy,9
output/bates/output/image_vectors/10100988225904531.jpg.npy,6
output/bates/output/image_vectors/10100988235500301.jpg.npy,14
output/bates/output/image_vectors/10100988271183791.jpg.npy,10
output/bates/output/image_vectors/10100651416173931.jpg.npy,6
output/bates/output/image_vectors/10100988236942411.jpg.npy,4
output/bates/output/image_vectors/735527863316523.jpg.npy,2
output/bates/output/image_vectors/10100988279362401.jpg.npy,6
output/bates/output/image_vectors/728340467368596.jpg.npy,9
output/bates/output/image_vectors/727757254093584.jpg.npy,7
output/bates/output/image_vectors/727911800744796.jpg.npy,15
output/bates/output/image_vectors/727816370754339.jpg.npy,5
output/bates/output/image_vectors/10100988290510061.jpg.npy,7
output/bates/output/image_vectors/735524029983573.jpg.npy,12
output/bates/output/image_vectors/10100988285205691.jpg.npy,4
output/bates/output/image_vectors/727757360760240.jpg.npy,9
output/bates/output/image_vectors/916291452791.jpg.npy,9
output/bates/output/image_vectors/10100988267451271.jpg.npy,6
output/bates/output/image_vectors/505385267081.jpg.npy,18
output/bates/output/image_vectors/727807247421918.jpg.npy,5
output/bates/output/image_vectors/10100988283259591.jpg.npy,16
output/bates/output/image_vectors/10100988265535111.jpg.npy,6
output/bates/output/image_vectors/10100288141708871.jpg.npy,18
output/bates/output/image_vectors/729246173944692.jpg.npy,0
output/bates/output/image_vectors/727753767427266.jpg.npy,18
output/bates/output/image_vectors/727751364094173.jpg.npy,5
output/bates/output/image_vectors/10100988231553211.jpg.npy,13
output/bates/output/image_vectors/10100988289047991.jpg.npy,16
output/bates/output/image_vectors/505385406801.jpg.npy,11
output/bates/output/image_vectors/916290359981.jpg.npy,8
output/bates/output/image_vectors/729240340611942.jpg.npy,1
output/bates/output/image_vectors/727787180757258.jpg.npy,8
output/bates/output/image_vectors/10100988281553011.jpg.npy,12
output/bates/output/image_vectors/10100988236727841.jpg.npy,4
output/bates/output/image_vectors/505385237141.jpg.npy,6
output/bates/output/image_vectors/10100988228314701.jpg.npy,8
output/bates/output/image_vectors/10100988270190781.jpg.npy,2
output/bates/output/image_vectors/730317883837521.jpg.npy,2
output/bates/output/image_vectors/589733362821.jpg.npy,11
output/bates/output/image_vectors/729778777224765.jpg.npy,6
output/bates/output/image_vectors/727787347423908.jpg.npy,5
output/bates/output/image_vectors/728347147367928.jpg.npy,5
output/bates/output/image_vectors/10100988272630891.jpg.npy,6
output/bates/output/image_vectors/10101026388436511.jpg.npy,15
output/bates/output/image_vectors/10100988233239831.jpg.npy,14
output/bates/output/image_vectors/729238083945501.jpg.npy,5
output/bates/output/image_vectors/10100988279192741.jpg.npy,12
output/bates/output/image_vectors/10100988277201731.jpg.npy,7
output/bates/output/image_vectors/10100988228339651.jpg.npy,8
output/bates/output/image_vectors/728340454035264.jpg.npy,0
output/bates/output/image_vectors/10100988234612081.jpg.npy,8
output/bates/output/image_vectors/10100988227386561.jpg.npy,8
output/bates/output/image_vectors/10100288141015261.jpg.npy,18
output/bates/output/image_vectors/727807190755257.jpg.npy,5
output/bates/output/image_vectors/10100477192903761.jpg.npy,18
output/bates/output/image_vectors/10100988278868391.jpg.npy,16
output/bates/output/image_vectors/10100988268668831.jpg.npy,2
output/bates/output/image_vectors/10100988281682751.jpg.npy,10
output/bates/output/image_vectors/10100988285500101.jpg.npy,4
output/bates/output/image_vectors/10100988287710671.jpg.npy,8
output/bates/output/image_vectors/10100988227815701.jpg.npy,6
output/bates/output/image_vectors/10100651415949381.jpg.npy,10
output/bates/output/image_vectors/10101019491722581.jpg.npy,3
output/bates/output/image_vectors/727753720760604.jpg.npy,2
output/bates/output/image_vectors/10100988229172981.jpg.npy,7
output/bates/output/image_vectors/10100988280170781.jpg.npy,16
output/bates/output/image_vectors/729373667265276.jpg.npy,5
output/bates/output/image_vectors/10100244521544031.jpg.npy,15
output/bates/output/image_vectors/505385346921.jpg.npy,17
output/bates/output/image_vectors/10100988235994311.jpg.npy,13
output/bates/output/image_vectors/10100988276563011.jpg.npy,7
output/bates/output/image_vectors/10100988265465251.jpg.npy,16
output/bates/output/image_vectors/727756380760338.jpg.npy,5
output/bates/output/image_vectors/10100651415784711.jpg.npy,18
output/bates/output/image_vectors/504019374341.jpg.npy,19
output/bates/output/image_vectors/10100988235635031.jpg.npy,14
output/bates/output/image_vectors/10100988283998111.jpg.npy,14
output/bates/output/image_vectors/727753704093939.jpg.npy,3
output/bates/output/image_vectors/10100988274976191.jpg.npy,16
output/bates/output/image_vectors/729235793945730.jpg.npy,12
output/bates/output/image_vectors/727761370759839.jpg.npy,14
output/bates/output/image_vectors/727751300760846.jpg.npy,9
output/bates/output/image_vectors/729243967278246.jpg.npy,0
output/bates/output/image_vectors/727789450757031.jpg.npy,5
output/bates/output/image_vectors/10100988282965181.jpg.npy,16
output/bates/output/image_vectors/727787210757255.jpg.npy,9
output/bates/output/image_vectors/10100988266483211.jpg.npy,7
output/bates/output/image_vectors/505385541531.jpg.npy,3
output/bates/output/image_vectors/729774900558486.jpg.npy,12
output/bates/output/image_vectors/729265470609429.jpg.npy,6
output/bates/output/image_vectors/10100988281827461.jpg.npy,2
output/bates/output/image_vectors/727754827427160.jpg.npy,3
output/bates/output/image_vectors/916291457781.jpg.npy,9
output/bates/output/image_vectors/10100988232082151.jpg.npy,4
output/bates/output/image_vectors/10100988269382401.jpg.npy,2
output/bates/output/image_vectors/729441020591874.jpg.npy,18
output/bates/output/image_vectors/10100988288349391.jpg.npy,7
output/bates/output/image_vectors/10100988236074151.jpg.npy,14
output/bates/output/image_vectors/10100562344329621.jpg.npy,17
output/bates/output/image_vectors/727751380760838.jpg.npy,11
output/bates/output/image_vectors/727756384093671.jpg.npy,11
output/bates/output/image_vectors/10100988287116861.jpg.npy,2
output/bates/output/image_vectors/739634105531.jpg.npy,10
output/bates/output/image_vectors/10100988225879581.jpg.npy,2
output/bates/output/image_vectors/10100988280964191.jpg.npy,6
output/bates/output/image_vectors/10100988225645051.jpg.npy,18
output/bates/output/image_vectors/727840214085288.jpg.npy,17
output/bates/output/image_vectors/505385307001.jpg.npy,5
output/bates/output/image_vectors/10100544530174331.jpg.npy,15
output/bates/output/image_vectors/10100988231074171.jpg.npy,14
output/bates/output/image_vectors/10100988275200741.jpg.npy,7
output/bates/output/image_vectors/10100988288524041.jpg.npy,8
output/bates/output/image_vectors/10100988279442241.jpg.npy,12
output/bates/output/image_vectors/727769610759015.jpg.npy,15
output/bates/output/image_vectors/10100988272955241.jpg.npy,18
output/bates/output/image_vectors/882745109931.jpg.npy,18
output/bates/output/image_vectors/729238080612168.jpg.npy,1
output/bates/output/image_vectors/505385391831.jpg.npy,11
output/bates/output/image_vectors/727787277423915.jpg.npy,18
output/bates/output/image_vectors/10100988276837461.jpg.npy,18
output/bates/output/image_vectors/10100988286393311.jpg.npy,18
output/bates/output/image_vectors/10100988269367431.jpg.npy,16
output/bates/output/image_vectors/729235790612397.jpg.npy,17
output/bates/output/image_vectors/10100988280435251.jpg.npy,1
output/bates/output/image_vectors/10100988276712711.jpg.npy,16
output/bates/output/image_vectors/505385331951.jpg.npy,11
output/bates/output/image_vectors/727764520759524.jpg.npy,3
output/bates/output/image_vectors/916290594511.jpg.npy,4
output/bates/output/image_vectors/10100544530932811.jpg.npy,18
output/bates/output/image_vectors/10100988281687741.jpg.npy,16
output/bates/output/image_vectors/10100988266383411.jpg.npy,12
output/bates/output/image_vectors/10100988267331511.jpg.npy,16
output/bates/output/image_vectors/729235747279068.jpg.npy,5
output/bates/output/image_vectors/505385496621.jpg.npy,3
output/bates/output/image_vectors/727787170757259.jpg.npy,17
output/bates/output/image_vectors/729235800612396.jpg.npy,12
output/bates/output/image_vectors/10100988228913501.jpg.npy,2
output/bates/output/image_vectors/10100988235714871.jpg.npy,14
output/bates/output/image_vectors/735524113316898.jpg.npy,19
output/bates/output/image_vectors/10100988290110861.jpg.npy,4
output/bates/output/image_vectors/10100988227700931.jpg.npy,10
output/bates/output/image_vectors/10100651415510261.jpg.npy,18
output/bates/output/image_vectors/10100988228554221.jpg.npy,8
output/bates/output/image_vectors/10100988286777541.jpg.npy,13
output/bates/output/image_vectors/10100988270749661.jpg.npy,7
output/bates/output/image_vectors/10100988267521131.jpg.npy,1
output/bates/output/image_vectors/727751314094178.jpg.npy,3
output/bates/output/image_vectors/10100988226278781.jpg.npy,2
output/bates/output/image_vectors/746621542651.jpg.npy,15
output/bates/output/image_vectors/10100988278030071.jpg.npy,16
output/bates/output/image_vectors/916290938821.jpg.npy,6
output/bates/output/image_vectors/727757234093586.jpg.npy,6
output/bates/output/image_vectors/727757244093585.jpg.npy,9
output/bates/output/image_vectors/727761507426492.jpg.npy,11
output/bates/output/image_vectors/727764737426169.jpg.npy,0
output/bates/output/image_vectors/729240420611934.jpg.npy,19
output/bates/output/image_vectors/10100988228135061.jpg.npy,8
output/bates/output/image_vectors/505385361891.jpg.npy,11
output/bates/output/image_vectors/10100988288793501.jpg.npy,16
output/bates/output/image_vectors/727828857419757.jpg.npy,17
output/bates/output/image_vectors/10100988231842631.jpg.npy,14
output/bates/output/image_vectors/727751257427517.jpg.npy,11
output/bates/output/image_vectors/10100988288748591.jpg.npy,8
output/bates/output/image_vectors/727767754092534.jpg.npy,9
output/bates/output/image_vectors/916290020661.jpg.npy,6
output/bates/output/image_vectors/727753820760594.jpg.npy,3
output/bates/output/image_vectors/10100988287406281.jpg.npy,8
output/bates/output/image_vectors/10100988270884391.jpg.npy,1
output/bates/output/image_vectors/10100988288144801.jpg.npy,2
output/bates/output/image_vectors/735527786649864.jpg.npy,6
output/bates/output/image_vectors/505385351911.jpg.npy,17
output/bates/output/image_vectors/10100988232646021.jpg.npy,4
output/bates/output/image_vectors/729235767279066.jpg.npy,5
output/bates/output/image_vectors/10100988284252601.jpg.npy,6
output/bates/output/image_vectors/10100988283668771.jpg.npy,2
output/bates/output/image_vectors/727751254094184.jpg.npy,3
output/bates/output/image_vectors/727787190757257.jpg.npy,11
output/bates/output/image_vectors/10100988227012311.jpg.npy,17
output/bates/output/image_vectors/10100988284187731.jpg.npy,2
output/bates/output/image_vectors/10100988230006311.jpg.npy,13
output/bates/output/image_vectors/10100988267361451.jpg.npy,10
output/bates/output/image_vectors/727761414093168.jpg.npy,5
output/bates/output/image_vectors/10100988265654871.jpg.npy,10
output/bates/output/image_vectors/10100988289976131.jpg.npy,8
output/bates/output/image_vectors/916292146401.jpg.npy,10
output/bates/output/image_vectors/10101019489956121.jpg.npy,9
output/bates/output/image_vectors/10100988269786591.jpg.npy,10
output/bates/output/image_vectors/10100988232221871.jpg.npy,14
output/bates/output/image_vectors/882744910331.jpg.npy,6
output/bates/output/image_vectors/727767710759205.jpg.npy,12
output/bates/output/image_vectors/727756377427005.jpg.npy,18
output/bates/output/image_vectors/10100518781020841.jpg.npy,6
output/bates/output/image_vectors/10100988276523091.jpg.npy,16
output/bates/output/image_vectors/727754670760509.jpg.npy,11
output/bates/output/image_vectors/10101026411649991.jpg.npy,9
output/bates/output/image_vectors/727767734092536.jpg.npy,17
output/bates/output/image_vectors/727754810760495.jpg.npy,14
output/bates/output/image_vectors/716744002481.jpg.npy,6
output/bates/output/image_vectors/729237633945546.jpg.npy,7
output/bates/output/image_vectors/727764650759511.jpg.npy,5
output/bates/output/image_vectors/727840200751956.jpg.npy,3
output/bates/output/image_vectors/10100651415709861.jpg.npy,17
output/bates/output/image_vectors/735527823316527.jpg.npy,18
output/bates/output/image_vectors/729774897225153.jpg.npy,12
output/bates/output/image_vectors/916291223251.jpg.npy,9
output/bates/output/image_vectors/727764530759523.jpg.npy,9
output/bates/output/image_vectors/727753707427272.jpg.npy,18
output/bates/output/image_vectors/882745030091.jpg.npy,11
output/bates/output/image_vectors/10100988234322661.jpg.npy,4
output/bates/output/image_vectors/10100988287056981.jpg.npy,1
output/bates/output/image_vectors/729243970611579.jpg.npy,18
output/bates/output/image_vectors/505385262091.jpg.npy,11
output/bates/output/image_vectors/916290928841.jpg.npy,6
output/bates/output/image_vectors/10100988264691801.jpg.npy,7
output/bates/output/image_vectors/10100988272950251.jpg.npy,6
output/bates/output/image_vectors/729238120612164.jpg.npy,7
output/bates/output/image_vectors/916291837021.jpg.npy,6
output/bates/output/image_vectors/10100988284891321.jpg.npy,7
output/bates/output/image_vectors/505385426761.jpg.npy,19
output/bates/output/image_vectors/727792964090013.jpg.npy,5
output/bates/output/image_vectors/727764604092849.jpg.npy,14
output/bates/output/image_vectors/668344894681.jpg.npy,15
output/bates/output/image_vectors/10100988225864611.jpg.npy,8
output/bates/output/image_vectors/10100988278174781.jpg.npy,1
output/bates/output/image_vectors/10100988276069001.jpg.npy,18
output/bates/output/image_vectors/729238100612166.jpg.npy,10
output/bates/output/image_vectors/10100988268129911.jpg.npy,10
output/bates/output/image_vectors/10100988236652991.jpg.npy,4
output/bates/output/image_vectors/10100988278529071.jpg.npy,7
output/bates/output/image_vectors/728533904015919.jpg.npy,11
output/bates/output/image_vectors/10100988270639881.jpg.npy,10
output/bates/output/image_vectors/10100988282186741.jpg.npy,1
output/bates/output/image_vectors/10100988278020091.jpg.npy,19
output/bates/output/image_vectors/10100587781882561.jpg.npy,18
output/bates/output/image_vectors/727840224085287.jpg.npy,13
output/bates/output/image_vectors/10100988289931221.jpg.npy,8
output/bates/output/image_vectors/10100988271837481.jpg.npy,19
output/bates/output/image_vectors/10100988280320481.jpg.npy,10
output/bates/output/image_vectors/10100988268219731.jpg.npy,2
output/bates/output/image_vectors/10100988287930231.jpg.npy,16
output/bates/output/image_vectors/10100988226613111.jpg.npy,6
output/bates/output/image_vectors/10100887796695471.jpg.npy,18
output/bates/output/image_vectors/10100988271927301.jpg.npy,10
output/bates/output/image_vectors/10100988228723881.jpg.npy,4
output/bates/output/image_vectors/790110455521.jpg.npy,18
output/bates/output/image_vectors/10100488196342781.jpg.npy,8
output/bates/output/image_vectors/10100988226742851.jpg.npy,2
output/bates/output/image_vectors/10100988269222721.jpg.npy,18
output/bates/output/image_vectors/10100988229921481.jpg.npy,17
output/bates/output/image_vectors/727757340760242.jpg.npy,9
output/bates/output/image_vectors/10100988264671841.jpg.npy,19
output/bates/output/image_vectors/727756424093667.jpg.npy,17
output/bates/output/image_vectors/10100988280370381.jpg.npy,18
output/bates/output/image_vectors/10100988232511291.jpg.npy,14
output/bates/output/image_vectors/505385476661.jpg.npy,19
output/bates/output/image_vectors/727769547425688.jpg.npy,5
output/bates/output/image_vectors/10100988228319691.jpg.npy,17
output/bates/output/image_vectors/10100988281293531.jpg.npy,1
output/bates/output/image_vectors/10100988229851621.jpg.npy,2
output/bates/output/image_vectors/727789607423682.jpg.npy,3
output/bates/output/image_vectors/10100988226947441.jpg.npy,8
output/bates/output/image_vectors/10100988231583151.jpg.npy,4
output/bates/output/image_vectors/729373683931941.jpg.npy,12
output/bates/output/image_vectors/505385456701.jpg.npy,19
output/bates/output/image_vectors/668345014441.jpg.npy,15
output/bates/output/image_vectors/727753827427260.jpg.npy,9
output/bates/output/image_vectors/729243987278244.jpg.npy,3
output/bates/output/image_vectors/10100988266288601.jpg.npy,6
output/bates/output/image_vectors/10100527463231621.jpg.npy,3
output/bates/output/image_vectors/10100988228469391.jpg.npy,2
output/bates/output/image_vectors/10100988271727701.jpg.npy,19
output/bates/output/image_vectors/10100988279387351.jpg.npy,1
output/bates/output/image_vectors/10100988278848431.jpg.npy,7
output/bates/output/image_vectors/505385326961.jpg.npy,18
output/bates/output/image_vectors/995230333641.jpg.npy,18
output/bates/output/image_vectors/727795554089754.jpg.npy,5
output/bates/output/image_vectors/10100988233808691.jpg.npy,14
output/bates/output/image_vectors/10100988227042251.jpg.npy,4
output/bates/output/image_vectors/10100544530568541.jpg.npy,18
output/bates/output/image_vectors/10100988277770591.jpg.npy,1
output/bates/output/image_vectors/10100988285599901.jpg.npy,19
output/bates/output/image_vectors/10100988229622081.jpg.npy,8
output/bates/output/image_vectors/727878077414835.jpg.npy,9
output/bates/output/image_vectors/504019379331.jpg.npy,9
output/bates/output/image_vectors/10101026412248791.jpg.npy,3
output/bates/output/image_vectors/10100988283778551.jpg.npy,10
output/bates/output/image_vectors/716752340771.jpg.npy,18
output/bates/output/image_vectors/10100988274112921.jpg.npy,4
output/bates/output/image_vectors/505385366881.jpg.npy,17
output/bates/output/image_vectors/10100988284811481.jpg.npy,4
output/bates/output/image_vectors/10100988271074011.jpg.npy,18
output/bates/output/image_vectors/10100988289357371.jpg.npy,2
output/bates/output/image_vectors/10100988270614931.jpg.npy,4
output/bates/output/image_vectors/10100988265205771.jpg.npy,9
output/bates/output/image_vectors/10100641959734711.jpg.npy,18
output/bates/output/image_vectors/727789507423692.jpg.npy,5
output/bates/output/image_vectors/727751267427516.jpg.npy,18
output/bates/output/image_vectors/729238063945503.jpg.npy,1
output/bates/output/image_vectors/727769537425689.jpg.npy,3
output/bates/output/image_vectors/10100988228609111.jpg.npy,4
output/bates/output/image_vectors/727787240757252.jpg.npy,17
output/bates/output/image_vectors/10100988234327651.jpg.npy,8
output/bates/output/image_vectors/10100988227945441.jpg.npy,8
output/bates/output/image_vectors/10100988264661861.jpg.npy,18
output/bates/output/image_vectors/10100988229083161.jpg.npy,2
output/bates/output/image_vectors/727789617423681.jpg.npy,5
output/bates/output/image_vectors/10100988266697781.jpg.npy,7
output/bates/output/image_vectors/10100869487342561.jpg.npy,1
output/bates/output/image_vectors/10100988281093931.jpg.npy,1
output/bates/output/image_vectors/10100988230884551.jpg.npy,14
output/bates/output/image_vectors/505385376861.jpg.npy,11
output/bates/output/image_vectors/505385202211.jpg.npy,11
output/bates/output/image_vectors/10100988277910311.jpg.npy,7
output/bates/output/image_vectors/10100988268369431.jpg.npy,1
output/bates/output/image_vectors/10100263922469421.jpg.npy,11
output/bates/output/image_vectors/727754697427173.jpg.npy,8
output/bates/output/image_vectors/727789464090363.jpg.npy,5
output/bates/output/image_vectors/578554854641.jpg.npy,18
output/bates/output/image_vectors/10100988230355611.jpg.npy,8
output/bates/output/image_vectors/505385232151.jpg.npy,17
output/bates/output/image_vectors/10100988236333631.jpg.npy,14
output/bates/output/image_vectors/729265643942745.jpg.npy,12
output/bates/output/image_vectors/10100988229342641.jpg.npy,4
output/bates/output/image_vectors/735527836649859.jpg.npy,5
output/bates/output/image_vectors/727769607425682.jpg.npy,15
output/bates/output/image_vectors/727753727427270.jpg.npy,17
output/bates/output/image_vectors/727795540756422.jpg.npy,5
output/bates/output/image_vectors/10100988287266561.jpg.npy,4
output/bates/output/image_vectors/727761544093155.jpg.npy,17
output/bates/output/image_vectors/729246103944699.jpg.npy,3
output/bates/output/image_vectors/10100988270659841.jpg.npy,10
output/bates/output/image_vectors/10100988225779781.jpg.npy,19
output/bates/output/image_vectors/729243983944911.jpg.npy,17
output/bates/output/image_vectors/10100988265934311.jpg.npy,6
output/bates/output/image_vectors/729237627278880.jpg.npy,13
output/bates/output/image_vectors/10100988289242601.jpg.npy,2
output/bates/output/image_vectors/10100988227546241.jpg.npy,16
output/bates/output/image_vectors/10101026412183921.jpg.npy,9
output/bates/output/image_vectors/10100988235904491.jpg.npy,8
output/bates/output/image_vectors/727753700760606.jpg.npy,15
output/bates/output/image_vectors/729240413945268.jpg.npy,7
output/bates/output/image_vectors/517139416671.jpg.npy,6
output/bates/output/image_vectors/10100611705659121.jpg.npy,15
output/bates/output/image_vectors/735527856649857.jpg.npy,5
output/bates/output/image_vectors/727753794093930.jpg.npy,6
output/bates/output/image_vectors/589106289481.jpg.npy,15
output/bates/output/image_vectors/727823954086914.jpg.npy,0
output/bates/output/image_vectors/10100988278524081.jpg.npy,10
output/bates/output/image_vectors/10100988267690791.jpg.npy,10
output/bates/output/image_vectors/727787217423921.jpg.npy,4
output/bates/output/image_vectors/727761574093152.jpg.npy,13
output/bates/output/image_vectors/10100988286962171.jpg.npy,16
output/bates/output/image_vectors/10100988278693741.jpg.npy,4
output/bates/output/image_vectors/10100988287161771.jpg.npy,16
output/bates/output/image_vectors/10100988237102091.jpg.npy,4
output/bates/output/image_vectors/10100398501342281.jpg.npy,11
output/bates/output/image_vectors/10100988282156801.jpg.npy,12
output/bates/output/image_vectors/727757324093577.jpg.npy,9
output/bates/output/image_vectors/10100488175175201.jpg.npy,8
output/bates/output/image_vectors/10100988288918251.jpg.npy,19
output/bates/output/image_vectors/727767670759209.jpg.npy,11
output/bates/output/image_vectors/10100988227002331.jpg.npy,16
output/bates/output/image_vectors/10100988282316481.jpg.npy,1
output/bates/output/image_vectors/10100988229043241.jpg.npy,2
output/bates/output/image_vectors/10100988280879361.jpg.npy,1
output/bates/output/image_vectors/727767727425870.jpg.npy,17
output/bates/output/image_vectors/10100988229657011.jpg.npy,8
output/bates/output/image_vectors/729246107278032.jpg.npy,3
output/bates/output/image_vectors/10100988285070961.jpg.npy,2
output/bates/output/image_vectors/729240357278607.jpg.npy,5
output/bates/output/image_vectors/735527806649862.jpg.npy,11
output/bates/output/image_vectors/10100988236173951.jpg.npy,14
output/bates/output/image_vectors/916290005691.jpg.npy,6
output/bates/output/image_vectors/10100988283119871.jpg.npy,8
output/bates/output/image_vectors/729240380611938.jpg.npy,5
output/bates/output/image_vectors/505385421771.jpg.npy,11
output/bates/output/image_vectors/10100988280255611.jpg.npy,1
output/bates/output/image_vectors/10100988274457231.jpg.npy,7
output/bates/output/image_vectors/10100988283484141.jpg.npy,17
output/bates/output/image_vectors/505385212191.jpg.npy,11
output/bates/output/image_vectors/732581086944534.jpg.npy,11
output/bates/output/image_vectors/10100988273529091.jpg.npy,6
output/bates/output/image_vectors/727764780759498.jpg.npy,6
output/bates/output/image_vectors/727792437423399.jpg.npy,6
output/bates/output/image_vectors/10100988284028051.jpg.npy,2
output/bates/output/image_vectors/10100988266862451.jpg.npy,1
output/bates/output/image_vectors/728341334035176.jpg.npy,17
output/bates/output/image_vectors/10101070718274161.jpg.npy,12
output/bates/output/image_vectors/10100988278698731.jpg.npy,4
output/bates/output/image_vectors/10100988265874431.jpg.npy,6
output/bates/output/image_vectors/727764620759514.jpg.npy,9
output/bates/output/image_vectors/916292136421.jpg.npy,3
output/bates/output/image_vectors/10100988277336461.jpg.npy,7
output/bates/output/image_vectors/10100988266767641.jpg.npy,19
output/bates/output/image_vectors/10100988271967221.jpg.npy,19
output/bates/output/image_vectors/10101039547241161.jpg.npy,15
output/bates/output/image_vectors/10100988269212741.jpg.npy,2
output/bates/output/image_vectors/10100988283139831.jpg.npy,2
output/bates/output/image_vectors/10100988288653781.jpg.npy,13
output/bates/output/image_vectors/916015341121.jpg.npy,2
output/bates/output/image_vectors/10100988286902291.jpg.npy,13
output/bates/output/image_vectors/10100988266213751.jpg.npy,2
output/bates/output/image_vectors/10100562344449381.jpg.npy,17
output/bates/output/image_vectors/727757297426913.jpg.npy,2
output/bates/output/image_vectors/10101026412114061.jpg.npy,17
output/bates/output/image_vectors/10100398501646671.jpg.npy,13
output/bates/output/image_vectors/10100988290370341.jpg.npy,7
output/bates/output/image_vectors/10100988232880551.jpg.npy,14
output/bates/output/image_vectors/727787324090577.jpg.npy,11
output/bates/output/image_vectors/10100988236643011.jpg.npy,14
output/bates/output/image_vectors/10100562344239801.jpg.npy,4
output/bates/output/image_vectors/728347140701262.jpg.npy,18
output/bates/output/image_vectors/727798587422784.jpg.npy,5
output/bates/output/image_vectors/10100988230475371.jpg.npy,8
output/bates/output/image_vectors/727787220757254.jpg.npy,17
output/bates/output/image_vectors/10100488196128211.jpg.npy,17
output/bates/output/image_vectors/916291233231.jpg.npy,16
output/bates/output/image_vectors/505385461691.jpg.npy,11
output/bates/output/image_vectors/10100988281987141.jpg.npy,12
output/bates/output/image_vectors/916289821061.jpg.npy,2
output/bates/output/image_vectors/10100988226328681.jpg.npy,2
output/bates/output/image_vectors/10100988226178981.jpg.npy,8
output/bates/output/image_vectors/10100988226353631.jpg.npy,8
output/bates/output/image_vectors/10100988225540261.jpg.npy,4
output/bates/output/image_vectors/10100988266093991.jpg.npy,10
output/bates/output/image_vectors/10100325155358221.jpg.npy,12
output/bates/output/image_vectors/727767667425876.jpg.npy,11
output/bates/output/image_vectors/10100988275545051.jpg.npy,18
output/bates/output/image_vectors/916291827041.jpg.npy,6
output/bates/output/image_vectors/10100988226009321.jpg.npy,8
output/bates/output/image_vectors/10100988235894511.jpg.npy,14
output/bates/output/image_vectors/10100988227810711.jpg.npy,8
output/bates/output/image_vectors/505385416781.jpg.npy,18
output/bates/output/image_vectors/916001493871.jpg.npy,18
output/bates/output/image_vectors/727767744092535.jpg.npy,11
output/bates/output/image_vectors/505385247121.jpg.npy,6
output/bates/output/image_vectors/10100988226119101.jpg.npy,8
output/bates/output/image_vectors/10100988231358601.jpg.npy,14
output/bates/output/image_vectors/10100988266922331.jpg.npy,18
output/bates/output/image_vectors/735524109983565.jpg.npy,19
output/bates/output/image_vectors/10100988288369351.jpg.npy,19
output/bates/output/image_vectors/10100398501791381.jpg.npy,13
output/bates/output/image_vectors/505385336941.jpg.npy,10
output/bates/output/image_vectors/10100386045962961.jpg.npy,9
output/bates/output/image_vectors/10100651416168941.jpg.npy,17
output/bates/output/image_vectors/10100988280569981.jpg.npy,16
output/bates/output/image_vectors/10100988289407271.jpg.npy,16
output/bates/output/image_vectors/728347164034593.jpg.npy,9
output/bates/output/image_vectors/727769574092352.jpg.npy,0
output/bates/output/image_vectors/10100988265814551.jpg.npy,6
output/bates/output/image_vectors/10100988236877541.jpg.npy,4
output/bates/output/image_vectors/728340450701931.jpg.npy,9
output/bates/output/image_vectors/505385371871.jpg.npy,11
output/bates/output/image_vectors/10100816229137431.jpg.npy,3
output/bates/output/image_vectors/10100988287106881.jpg.npy,9
output/bates/output/image_vectors/10100988274467211.jpg.npy,18
output/bates/output/image_vectors/727787260757250.jpg.npy,3
output/bates/output/image_vectors/729240377278605.jpg.npy,5
output/bates/output/image_vectors/10101015214648871.jpg.npy,9
output/bates/output/image_vectors/10100988234916471.jpg.npy,14
output/bates/output/image_vectors/10100988289826431.jpg.npy,16
output/bates/output/image_vectors/735524093316900.jpg.npy,18
output/bates/output/image_vectors/727751344094175.jpg.npy,9
output/bates/output/image_vectors/727756387427004.jpg.npy,17
output/bates/output/image_vectors/10100988228095141.jpg.npy,7
output/bates/output/image_vectors/727761387426504.jpg.npy,7
output/bates/output/image_vectors/727753737427269.jpg.npy,6
output/bates/output/image_vectors/727753744093935.jpg.npy,18
output/bates/output/image_vectors/727800534089256.jpg.npy,5
output/bates/output/image_vectors/10100988230904511.jpg.npy,13
output/bates/output/image_vectors/10100988282047021.jpg.npy,10
output/bates/output/image_vectors/729778780558098.jpg.npy,5
output/bates/output/image_vectors/10100988283424261.jpg.npy,18
output/bates/output/image_vectors/716752350751.jpg.npy,3
output/bates/output/image_vectors/10100384079004761.jpg.npy,6
output/bates/output/image_vectors/10100988281612891.jpg.npy,6
output/bates/output/image_vectors/10100988225660021.jpg.npy,16
output/bates/output/image_vectors/10100988233818671.jpg.npy,4
output/bates/output/image_vectors/505385272071.jpg.npy,6
output/bates/output/image_vectors/729237637278879.jpg.npy,17
output/bates/output/image_vectors/10100988288269551.jpg.npy,16
output/bates/output/image_vectors/727751277427515.jpg.npy,11
output/bates/output/image_vectors/10100988268928311.jpg.npy,10
output/bates/output/image_vectors/10100988229197931.jpg.npy,7
output/bates/output/image_vectors/10100988266044091.jpg.npy,3
output/bates/output/image_vectors/10100988289881321.jpg.npy,8
output/bates/output/image_vectors/10100988288763561.jpg.npy,8
output/bates/output/image_vectors/10100988265091001.jpg.npy,16
output/bates/output/image_vectors/916290918861.jpg.npy,9
output/bates/output/image_vectors/10100988270994171.jpg.npy,10
output/bates/output/image_vectors/505385556501.jpg.npy,18
output/bates/output/image_vectors/10100988232386541.jpg.npy,13
output/bates/output/image_vectors/729246177278025.jpg.npy,18
output/bates/output/image_vectors/10100988281328461.jpg.npy,2
output/bates/output/image_vectors/727764540759522.jpg.npy,0
output/bates/output/image_vectors/727764747426168.jpg.npy,3
output/bates/output/image_vectors/10100488196208051.jpg.npy,2
output/bates/output/image_vectors/10100988286193711.jpg.npy,2
output/bates/output/image_vectors/10100988267760651.jpg.npy,1
output/bates/output/image_vectors/727911797411463.jpg.npy,17
output/bates/output/image_vectors/10100988267970231.jpg.npy,7
output/bates/output/image_vectors/916292131431.jpg.npy,3
output/bates/output/image_vectors/10100988272271611.jpg.npy,2
output/bates/output/image_vectors/10100988285754591.jpg.npy,8
output/bates/output/image_vectors/10100651415470341.jpg.npy,6
output/bates/output/image_vectors/10100988274282581.jpg.npy,7
output/bates/output/image_vectors/10100988233249811.jpg.npy,13
output/bates/output/image_vectors/729312110604765.jpg.npy,6
output/bates/output/image_vectors/729241003945209.jpg.npy,18
output/bates/output/image_vectors/10100988233778751.jpg.npy,14
output/bates/output/image_vectors/727787224090587.jpg.npy,17
output/bates/output/image_vectors/729240437278599.jpg.npy,12
output/bates/output/image_vectors/10101026411799691.jpg.npy,9
output/bates/output/image_vectors/10100988230859601.jpg.npy,8
output/bates/output/image_vectors/10100988234896511.jpg.npy,4
output/bates/output/image_vectors/10100988284931241.jpg.npy,18
output/bates/output/image_vectors/727769594092350.jpg.npy,17
output/bates/output/image_vectors/10100988226782771.jpg.npy,16
output/bates/output/image_vectors/10100988289472141.jpg.npy,2
output/bates/output/image_vectors/10100988228738851.jpg.npy,8
output/bates/output/image_vectors/728533937349249.jpg.npy,18
output/bates/output/image_vectors/916291442811.jpg.npy,9
output/bates/output/image_vectors/727750350760941.jpg.npy,11
output/bates/output/image_vectors/727754677427175.jpg.npy,2
output/bates/output/image_vectors/916290614471.jpg.npy,2
output/bates/output/image_vectors/711358165733493.jpg.npy,5
output/bates/output/image_vectors/10100988266842491.jpg.npy,7
output/bates/output/image_vectors/727750457427597.jpg.npy,11
output/bates/output/image_vectors/728533894015920.jpg.npy,18
output/bates/output/image_vectors/10100988280644831.jpg.npy,1
output/bates/output/image_vectors/727751347427508.jpg.npy,2
output/bates/output/image_vectors/10100988272556041.jpg.npy,18
output/bates/output/image_vectors/10100988266418341.jpg.npy,2
output/bates/output/image_vectors/727753824093927.jpg.npy,18
output/bates/output/image_vectors/10100869081460951.jpg.npy,7
output/bates/output/image_vectors/10101026389489401.jpg.npy,18
output/bates/output/image_vectors/727769580759018.jpg.npy,3
output/bates/output/image_vectors/728340470701929.jpg.npy,9
output/bates/output/image_vectors/729237650612211.jpg.npy,11
output/bates/output/image_vectors/10100988234572161.jpg.npy,14
output/bates/output/image_vectors/10100988271233691.jpg.npy,14
output/bates/output/image_vectors/730337683835541.jpg.npy,11
output/bates/output/image_vectors/729265450609431.jpg.npy,12
output/bates/output/image_vectors/10100988225415511.jpg.npy,19
output/bates/output/image_vectors/729378593931450.jpg.npy,13
output/bates/output/image_vectors/727767737425869.jpg.npy,5
output/bates/output/image_vectors/882745060031.jpg.npy,6
output/bates/output/image_vectors/10100988234467371.jpg.npy,14
output/bates/output/image_vectors/756525165711.jpg.npy,18
output/bates/output/image_vectors/10100536042533631.jpg.npy,0
output/bates/output/image_vectors/10100535882264811.jpg.npy,6
output/bates/output/image_vectors/10100988268094981.jpg.npy,18
output/bates/output/image_vectors/10100988282760591.jpg.npy,7
output/bates/output/image_vectors/727767704092539.jpg.npy,18
output/bates/output/image_vectors/727756394093670.jpg.npy,11
output/bates/output/image_vectors/10100988235515271.jpg.npy,8
output/bates/output/image_vectors/727761470759829.jpg.npy,3
output/bates/output/image_vectors/727789644090345.jpg.npy,6
output/bates/output/image_vectors/727769484092361.jpg.npy,3
output/bates/output/image_vectors/727769487425694.jpg.npy,2
output/bates/output/image_vectors/10100988279611901.jpg.npy,1
output/bates/output/image_vectors/10100988282401311.jpg.npy,16
output/bates/output/image_vectors/916291822051.jpg.npy,2
output/bates/output/image_vectors/727769560759020.jpg.npy,16
output/bates/output/image_vectors/505385491631.jpg.npy,3
output/bates/output/image_vectors/10100988277396341.jpg.npy,9
output/bates/output/image_vectors/10100988270275611.jpg.npy,16
output/bates/output/image_vectors/505385531551.jpg.npy,18
output/bates/output/image_vectors/10100988234477351.jpg.npy,14
output/bates/output/image_vectors/10101026411964361.jpg.npy,17
output/bates/output/image_vectors/10100562344234811.jpg.npy,13
output/bates/output/image_vectors/10100562344174931.jpg.npy,13
output/bates/output/image_vectors/10100988278179771.jpg.npy,6
output/bates/output/image_vectors/729774867225156.jpg.npy,2
output/bates/output/image_vectors/10100988232606101.jpg.npy,4
output/bates/output/image_vectors/10100988225640061.jpg.npy,2
output/bates/output/image_vectors/729469813922328.jpg.npy,0
output/bates/output/image_vectors/729449297257713.jpg.npy,11
output/bates/output/image_vectors/10100988282590931.jpg.npy,18
output/bates/output/image_vectors/727789584090351.jpg.npy,9
output/bates/output/image_vectors/10100988265829521.jpg.npy,13
output/bates/output/image_vectors/10100522868210081.jpg.npy,18
output/bates/output/image_vectors/10100988290265551.jpg.npy,7
output/bates/output/image_vectors/10100988282361391.jpg.npy,2
output/bates/output/image_vectors/10100488196367731.jpg.npy,11
output/bates/output/image_vectors/10100988283933241.jpg.npy,6
output/bates/output/image_vectors/10101026396714921.jpg.npy,15
output/bates/output/image_vectors/10100488196622221.jpg.npy,11
output/bates/output/image_vectors/10100988275095951.jpg.npy,7
output/bates/output/image_vectors/10100988231343631.jpg.npy,13
output/bates/output/image_vectors/505385466681.jpg.npy,19
output/bates/output/image_vectors/727753790760597.jpg.npy,11
output/bates/output/image_vectors/10100988236193911.jpg.npy,14
output/bates/output/image_vectors/10100988271887381.jpg.npy,16
output/bates/output/image_vectors/10100988281488141.jpg.npy,7
output/bates/output/image_vectors/727807197421923.jpg.npy,19
output/bates/output/image_vectors/727757300760246.jpg.npy,18
output/bates/output/image_vectors/10100988278588951.jpg.npy,7
output/bates/output/image_vectors/10100988226832671.jpg.npy,16
output/bates/output/image_vectors/727816347421008.jpg.npy,5
output/bates/output/image_vectors/916291437821.jpg.npy,2
output/bates/output/image_vectors/727787230757253.jpg.npy,9
output/bates/output/image_vectors/10100988225510321.jpg.npy,8
output/bates/output/image_vectors/10100988274172801.jpg.npy,10
output/bates/output/image_vectors/727767687425874.jpg.npy,17
output/bates/output/image_vectors/10100988264846491.jpg.npy,7
output/bates/output/image_vectors/10100988279222681.jpg.npy,16
output/bates/output/image_vectors/10100988284751601.jpg.npy,2
output/bates/output/image_vectors/732581090277867.jpg.npy,0
output/bates/output/image_vectors/10100988278124881.jpg.npy,1
output/bates/output/image_vectors/729237617278881.jpg.npy,2
output/bates/output/image_vectors/10100688751483671.jpg.npy,18
output/bates/output/image_vectors/727828867419756.jpg.npy,17
output/bates/output/image_vectors/727764717426171.jpg.npy,5
output/bates/output/image_vectors/727787227423920.jpg.npy,11
output/bates/output/image_vectors/10101026411200891.jpg.npy,15
output/bates/output/image_vectors/10100988226393551.jpg.npy,2
output/bates/output/image_vectors/10100988235470361.jpg.npy,13
output/bates/output/image_vectors/10100988281059001.jpg.npy,18
output/bates/output/image_vectors/10100988270395371.jpg.npy,2
output/bates/output/image_vectors/729774863891823.jpg.npy,12
output/bates/output/image_vectors/731292008161.jpg.npy,15
output/bates/output/image_vectors/10100988275235671.jpg.npy,18
output/bates/output/image_vectors/727787197423923.jpg.npy,6
output/bates/output/image_vectors/728347167367926.jpg.npy,3
output/bates/output/image_vectors/729378563931453.jpg.npy,13
output/bates/output/image_vectors/727769514092358.jpg.npy,5
output/bates/output/image_vectors/730317907170852.jpg.npy,5
output/bates/output/image_vectors/727764764092833.jpg.npy,11
output/bates/output/image_vectors/505385586441.jpg.npy,18
output/bates/output/image_vectors/729469823922327.jpg.npy,10
output/bates/output/image_vectors/10100988275535071.jpg.npy,18
output/bates/output/image_vectors/10100478611994891.jpg.npy,18
output/bates/output/image_vectors/10100263924694961.jpg.npy,11
output/bates/output/image_vectors/10100988234836631.jpg.npy,14
output/bates/output/image_vectors/10100988226258821.jpg.npy,6
output/bates/output/image_vectors/10100988226872591.jpg.npy,4
output/bates/output/image_vectors/10100651416049181.jpg.npy,3
output/bates/output/image_vectors/10100988275075991.jpg.npy,16
output/bates/output/image_vectors/10100988266717741.jpg.npy,18
output/bates/output/image_vectors/10100988288678731.jpg.npy,16
output/bates/output/image_vectors/727756404093669.jpg.npy,9
output/bates/output/image_vectors/10100988272700751.jpg.npy,16
output/bates/output/image_vectors/729238087278834.jpg.npy,5
output/bates/output/image_vectors/10100988280614891.jpg.npy,7
output/bates/output/image_vectors/730456770490299.jpg.npy,9
output/bates/output/image_vectors/10100988288249591.jpg.npy,16
output/bates/output/image_vectors/10100988279686751.jpg.npy,16
output/bates/output/image_vectors/10100488196407651.jpg.npy,17
output/bates/output/image_vectors/731288664861.jpg.npy,15
output/bates/output/image_vectors/727792960756680.jpg.npy,5
output/bates/output/image_vectors/727761454093164.jpg.npy,5
output/bates/output/image_vectors/729312150604761.jpg.npy,3
output/bates/output/image_vectors/10100988279547031.jpg.npy,1
output/bates/output/image_vectors/10100988283943221.jpg.npy,16
output/bates/output/image_vectors/10100988266847481.jpg.npy,10
output/bates/output/image_vectors/10100988280130861.jpg.npy,1
output/bates/output/image_vectors/505385561491.jpg.npy,18
output/bates/output/image_vectors/10100988287546001.jpg.npy,16
output/bates/output/image_vectors/727767684092541.jpg.npy,17
output/bates/output/image_vectors/10100988265355471.jpg.npy,7
output/bates/output/image_vectors/10100988283264581.jpg.npy,17
output/bates/output/image_vectors/505385341931.jpg.npy,17
output/bates/output/image_vectors/10100988230679961.jpg.npy,13
output/bates/output/image_vectors/10100988281567981.jpg.npy,16
output/bates/output/image_vectors/727798590756117.jpg.npy,5
output/bates/output/image_vectors/10100988279237651.jpg.npy,1
output/bates/output/image_vectors/10100988280100921.jpg.npy,19
output/bates/output/image_vectors/10100988232945421.jpg.npy,14
output/bates/output/image_vectors/727754804093829.jpg.npy,17
output/bates/output/image_vectors/505385431751.jpg.npy,19
output/bates/output/image_vectors/10100988226213911.jpg.npy,6
output/bates/output/image_vectors/727807237421919.jpg.npy,6
output/bates/output/image_vectors/10100988228479371.jpg.npy,16
output/bates/output/image_vectors/727764684092841.jpg.npy,5
output/bates/output/image_vectors/10100988236777741.jpg.npy,13
output/bates/output/image_vectors/10100988285220661.jpg.npy,18
output/bates/output/image_vectors/10100988283743621.jpg.npy,2
output/bates/output/image_vectors/10100988234711881.jpg.npy,14
output/bates/output/image_vectors/841357381271.jpg.npy,3
output/bates/output/image_vectors/10100988283005101.jpg.npy,19
output/bates/output/image_vectors/10100562344339601.jpg.npy,6
output/bates/output/image_vectors/10100396364200131.jpg.npy,18
output/bates/output/image_vectors/727753814093928.jpg.npy,3
output/bates/output/image_vectors/10100887796505851.jpg.npy,7
output/bates/output/image_vectors/10100988225400541.jpg.npy,18
output/bates/output/image_vectors/10100988236079141.jpg.npy,14
output/bates/output/image_vectors/10100988280495131.jpg.npy,16
output/bates/output/image_vectors/10100988231049221.jpg.npy,14
output/bates/output/image_vectors/729378580598118.jpg.npy,13
output/bates/output/image_vectors/727761487426494.jpg.npy,5
output/bates/output/image_vectors/10100988227127081.jpg.npy,4
output/bates/output/image_vectors/10100342781779731.jpg.npy,15
output/bates/output/image_vectors/727757284093581.jpg.npy,10
output/bates/output/image_vectors/730437480492228.jpg.npy,1
output/bates/output/image_vectors/711358159066827.jpg.npy,5
output/bates/output/image_vectors/10100988290060961.jpg.npy,8
output/bates/output/image_vectors/727823957420247.jpg.npy,3
output/bates/output/image_vectors/882744970211.jpg.npy,6
output/bates/output/image_vectors/916291842011.jpg.npy,9
output/bates/output/image_vectors/10100527463740601.jpg.npy,3
output/bates/output/image_vectors/727810700754906.jpg.npy,5
output/bates/output/image_vectors/10100988282256601.jpg.npy,16
output/bates/output/image_vectors/727761427426500.jpg.npy,11
output/bates/output/image_vectors/10100988286009081.jpg.npy,16
output/bates/output/image_vectors/729235780612398.jpg.npy,11
output/bates/output/image_vectors/10100988270934291.jpg.npy,10
output/bates/output/image_vectors/10100988270924311.jpg.npy,10
output/bates/output/image_vectors/10100988282531051.jpg.npy,16
output/bates/output/image_vectors/728533900682586.jpg.npy,3
output/bates/output/image_vectors/10100988284397311.jpg.npy,19
output/bates/output/image_vectors/10100988266393391.jpg.npy,12
output/bates/output/image_vectors/729240327278610.jpg.npy,5
output/bates/output/image_vectors/888953762741.jpg.npy,2
output/bates/output/image_vectors/10100988290450181.jpg.npy,2
output/bates/output/image_vectors/729246153944694.jpg.npy,18
output/bates/output/image_vectors/916291228241.jpg.npy,6
output/bates/output/image_vectors/727828874086422.jpg.npy,3
output/bates/output/image_vectors/504019369351.jpg.npy,11
output/bates/output/image_vectors/10101026389294791.jpg.npy,15
output/bates/output/image_vectors/10100988227082171.jpg.npy,17
output/bates/output/image_vectors/730317900504186.jpg.npy,6
output/bates/output/image_vectors/916289846011.jpg.npy,6
output/bates/output/image_vectors/957769071311.jpg.npy,18
output/bates/output/image_vectors/727789560757020.jpg.npy,5
output/bates/output/image_vectors/727757277426915.jpg.npy,10
output/bates/output/image_vectors/10100988286597901.jpg.npy,16
output/bates/output/image_vectors/10100988289522041.jpg.npy,2
output/bates/output/image_vectors/727750464094263.jpg.npy,17
output/bates/output/image_vectors/727764554092854.jpg.npy,10
output/bates/output/image_vectors/10100562346280711.jpg.npy,3
output/bates/output/image_vectors/10100439287760971.jpg.npy,3
output/bates/output/image_vectors/727764694092840.jpg.npy,5
output/bates/output/image_vectors/728347157367927.jpg.npy,16
output/bates/output/image_vectors/10100988287980131.jpg.npy,4
output/bates/output/image_vectors/916290599501.jpg.npy,2
output/bates/output/image_vectors/10100651416029221.jpg.npy,18
output/bates/output/image_vectors/10100988286333431.jpg.npy,13
output/bates/output/image_vectors/916292141411.jpg.npy,3
output/bates/output/image_vectors/727767750759201.jpg.npy,17
output/bates/output/image_vectors/727828870753089.jpg.npy,18
output/bates/output/image_vectors/10100988274033081.jpg.npy,16
output/bates/output/image_vectors/727751354094174.jpg.npy,6
output/bates/output/image_vectors/729237613945548.jpg.npy,2
output/bates/output/image_vectors/10100988283459191.jpg.npy,8
output/bates/output/image_vectors/10100988283344421.jpg.npy,18
output/bates/output/image_vectors/10100988268199771.jpg.npy,10
output/bates/output/image_vectors/10100988286418261.jpg.npy,2
output/bates/output/image_vectors/10100988281128861.jpg.npy,16
output/bates/output/image_vectors/10101026388810761.jpg.npy,4
output/bates/output/image_vectors/727764547426188.jpg.npy,10
output/bates/output/image_vectors/10100988284851401.jpg.npy,19
output/bates/output/image_vectors/727754687427174.jpg.npy,3
output/bates/output/image_vectors/10100988269711741.jpg.npy,2
output/bates/output/image_vectors/10100988231682951.jpg.npy,14
output/bates/output/image_vectors/10100988278354421.jpg.npy,16
output/bates/output/image_vectors/10100988281168781.jpg.npy,16
output/bates/output/image_vectors/10100988285844411.jpg.npy,4
output/bates/output/image_vectors/10100988289352381.jpg.npy,16
output/bates/output/image_vectors/505385217181.jpg.npy,11
output/bates/output/image_vectors/727789544090355.jpg.npy,5
output/bates/output/image_vectors/711358172400159.jpg.npy,18
output/bates/output/image_vectors/505385516581.jpg.npy,3
output/bates/output/image_vectors/730456697156973.jpg.npy,0
output/bates/output/image_vectors/10100988288853381.jpg.npy,7
output/bates/output/image_vectors/10100988269686791.jpg.npy,19
output/bates/output/image_vectors/10100988282615881.jpg.npy,10
output/bates/output/image_vectors/729240487278594.jpg.npy,6
output/bates/output/image_vectors/10100988286518061.jpg.npy,8
output/bates/output/image_vectors/10100164162858481.jpg.npy,6
output/bates/output/image_vectors/10100988290320441.jpg.npy,2
output/bates/output/image_vectors/727751280760848.jpg.npy,6
output/bates/output/image_vectors/729240473945262.jpg.npy,12
output/bates/output/image_vectors/10100988264841501.jpg.npy,18
output/bates/output/image_vectors/10100988235026251.jpg.npy,4
output/bates/output/image_vectors/10100544530199281.jpg.npy,3
output/bates/output/image_vectors/10100988270719721.jpg.npy,10
output/bates/output/image_vectors/729778790558097.jpg.npy,5
output/bates/output/image_vectors/10100988269567031.jpg.npy,2
output/bates/output/image_vectors/729235783945731.jpg.npy,6
output/bates/output/image_vectors/10100988279053021.jpg.npy,16
output/bates/output/image_vectors/10100988285984131.jpg.npy,6
output/bates/output/image_vectors/10100988272486181.jpg.npy,6
output/bates/output/image_vectors/10100988288548991.jpg.npy,8
output/bates/output/image_vectors/10100988226638061.jpg.npy,8
output/bates/output/image_vectors/727767780759198.jpg.npy,17
output/bates/output/image_vectors/729240367278606.jpg.npy,1
output/bates/output/image_vectors/10100988231747821.jpg.npy,13
output/bates/output/image_vectors/10100988282935241.jpg.npy,17
output/bates/output/image_vectors/746621422891.jpg.npy,15
output/bates/output/image_vectors/728341324035177.jpg.npy,3
output/bates/output/image_vectors/727800540755922.jpg.npy,19
output/bates/output/image_vectors/10100988286742611.jpg.npy,13
output/bates/output/image_vectors/727753717427271.jpg.npy,15
output/bates/output/image_vectors/10100988233883541.jpg.npy,4
output/bates/output/image_vectors/10100988290485111.jpg.npy,16
output/bates/output/image_vectors/727795544089755.jpg.npy,6
output/bates/output/image_vectors/727750404094269.jpg.npy,18
output/bates/output/image_vectors/10100988265694791.jpg.npy,10
output/bates/output/image_vectors/505385242131.jpg.npy,11
output/bates/output/image_vectors/505385451711.jpg.npy,19
output/bates/output/image_vectors/729265463942763.jpg.npy,2
output/bates/output/image_vectors/729240997278543.jpg.npy,18
output/bates/output/image_vectors/727754807427162.jpg.npy,15
output/bates/output/image_vectors/727757370760239.jpg.npy,1
output/bates/output/image_vectors/729265443942765.jpg.npy,2
output/bates/output/image_vectors/727767700759206.jpg.npy,8
output/bates/output/image_vectors/10100988282630851.jpg.npy,2
output/bates/output/image_vectors/728347154034594.jpg.npy,5
output/bates/output/image_vectors/729238090612167.jpg.npy,11
output/bates/output/image_vectors/10100988235360581.jpg.npy,14
output/bates/output/image_vectors/10100988228589151.jpg.npy,8
output/bates/output/image_vectors/727816354087674.jpg.npy,3
output/bates/output/image_vectors/727767790759197.jpg.npy,5
output/bates/output/image_vectors/10101026389339701.jpg.npy,15
output/bates/output/image_vectors/10100988227705921.jpg.npy,8
output/bates/output/image_vectors/10100988231947421.jpg.npy,14
output/bates/output/image_vectors/10100988278993141.jpg.npy,7
output/bates/output/image_vectors/10100988230076171.jpg.npy,13
output/bates/output/image_vectors/10100988279906311.jpg.npy,16
output/bates/output/image_vectors/10100544530538601.jpg.npy,15
output/bates/output/image_vectors/505385356901.jpg.npy,6
output/bates/output/image_vectors/10100988283324461.jpg.npy,2
output/bates/output/image_vectors/10100651415545191.jpg.npy,17
output/bates/output/image_vectors/729373687265274.jpg.npy,12
output/bates/output/image_vectors/727750424094267.jpg.npy,17
output/bates/output/image_vectors/916290619461.jpg.npy,2
output/bates/output/image_vectors/10100988265135911.jpg.npy,16
output/bates/output/image_vectors/10100988280814491.jpg.npy,7
output/bates/output/image_vectors/10100988237017261.jpg.npy,4
output/bates/output/image_vectors/10100988290834411.jpg.npy,4
output/bates/output/image_vectors/505385526561.jpg.npy,18
output/bates/output/image_vectors/10100988272391371.jpg.npy,19
output/bates/output/image_vectors/505385302011.jpg.npy,6
output/bates/output/image_vectors/10100988227960411.jpg.npy,2
output/bates/output/image_vectors/729378600598116.jpg.npy,13
output/bates/output/image_vectors/10100988289756571.jpg.npy,8
output/bates/output/image_vectors/727754674093842.jpg.npy,17
output/bates/output/image_vectors/505385252111.jpg.npy,11
output/bates/output/image_vectors/10100988277341451.jpg.npy,1
output/bates/output/image_vectors/10100988229492341.jpg.npy,19
output/bates/output/image_vectors/729238117278831.jpg.npy,6
output/bates/output/image_vectors/10100988284527051.jpg.npy,16
output/bates/output/image_vectors/10100988231872571.jpg.npy,8
output/bates/output/image_vectors/10100988228050231.jpg.npy,17
output/bates/output/image_vectors/505385292031.jpg.npy,11
output/bates/output/image_vectors/10100988271573011.jpg.npy,8
output/bates/output/image_vectors/10100988283079951.jpg.npy,2
output/bates/output/image_vectors/10100988229372581.jpg.npy,8
output/bates/output/image_vectors/729378570598119.jpg.npy,2
output/bates/output/image_vectors/916290369961.jpg.npy,6
output/bates/output/image_vectors/10100988230709901.jpg.npy,13
output/bates/output/image_vectors/727840210751955.jpg.npy,3
output/bates/output/image_vectors/10100988229627071.jpg.npy,13
output/bates/output/image_vectors/10100988275435271.jpg.npy,16
output/bates/output/image_vectors/505385257101.jpg.npy,11
output/bates/output/image_vectors/10100988265585011.jpg.npy,1
output/bates/output/image_vectors/10100988279507111.jpg.npy,3
output/bates/output/image_vectors/10100242924130261.jpg.npy,18
output/bates/output/image_vectors/10100988226697941.jpg.npy,17
output/bates/output/image_vectors/729238107278832.jpg.npy,5
output/bates/output/image_vectors/10100988228189951.jpg.npy,8
output/bates/output/image_vectors/10100988276513111.jpg.npy,16
output/bates/output/image_vectors/10100988275405331.jpg.npy,4
output/bates/output/image_vectors/727754707427172.jpg.npy,16
output/bates/output/image_vectors/729240397278603.jpg.npy,10
output/bates/output/image_vectors/10100988278364401.jpg.npy,8
output/bates/output/image_vectors/10100988227276781.jpg.npy,16
output/bates/output/image_vectors/10100988275320501.jpg.npy,1
output/bates/output/image_vectors/10100988235764771.jpg.npy,14
output/bates/output/image_vectors/10100988270205751.jpg.npy,10
output/bates/output/image_vectors/727761550759821.jpg.npy,17
output/bates/output/image_vectors/10100988236812671.jpg.npy,14
output/bates/output/image_vectors/10100988232895521.jpg.npy,4
output/bates/output/image_vectors/10100988268015141.jpg.npy,10
output/bates/output/image_vectors/505385576461.jpg.npy,18
output/bates/output/image_vectors/727840207418622.jpg.npy,13
output/bates/output/image_vectors/10100988227147041.jpg.npy,8
output/bates/output/image_vectors/10100651416288701.jpg.npy,3
output/bates/output/image_vectors/727756407427002.jpg.npy,11
output/bates/output/image_vectors/505385566481.jpg.npy,3
output/bates/output/image_vectors/10100988279996131.jpg.npy,3
output/bates/output/image_vectors/727751284094181.jpg.npy,10
output/bates/output/image_vectors/10100988278404321.jpg.npy,16
output/bates/output/image_vectors/729237630612213.jpg.npy,2
output/bates/output/image_vectors/10100988229512301.jpg.npy,8
output/bates/output/image_vectors/10100988269267631.jpg.npy,7
output/bates/output/image_vectors/10100988272476201.jpg.npy,19
output/bates/output/image_vectors/10100506479213761.jpg.npy,18
output/bates/output/image_vectors/727769550759021.jpg.npy,5
output/bates/output/image_vectors/727767680759208.jpg.npy,11
output/bates/output/image_vectors/10100988234073161.jpg.npy,14
output/bates/output/image_vectors/10100988235051201.jpg.npy,14
output/bates/output/image_vectors/10100988228713901.jpg.npy,16
output/bates/output/image_vectors/790061333961.jpg.npy,6
output/bates/output/image_vectors/10100288141479331.jpg.npy,18
output/bates/output/image_vectors/727751304094179.jpg.npy,5
output/bates/output/image_vectors/10100988276737661.jpg.npy,7
output/bates/output/image_vectors/727761410759835.jpg.npy,5
output/bates/output/image_vectors/10100988287845401.jpg.npy,7
output/bates/output/image_vectors/10100988225520301.jpg.npy,13
output/bates/output/image_vectors/10100988228883561.jpg.npy,17
output/bates/output/image_vectors/727754717427171.jpg.npy,11
output/bates/output/image_vectors/727764590759517.jpg.npy,3
output/bates/output/image_vectors/10100988276782571.jpg.npy,18
output/bates/output/image_vectors/727750480760928.jpg.npy,11
output/bates/output/image_vectors/735527803316529.jpg.npy,5
output/bates/output/image_vectors/816756022591.jpg.npy,1
output/bates/output/image_vectors/10100988289616851.jpg.npy,6
output/bates/output/image_vectors/727771814092128.jpg.npy,3
output/bates/output/image_vectors/10100988227715901.jpg.npy,4
output/bates/output/image_vectors/10100988234681941.jpg.npy,14
output/bates/output/image_vectors/10100988287276541.jpg.npy,8
output/bates/output/image_vectors/505385481651.jpg.npy,19
output/bates/output/image_vectors/10100988271782591.jpg.npy,7
output/bates/output/image_vectors/10100988277526081.jpg.npy,1
output/bates/output/image_vectors/505385396821.jpg.npy,6
output/bates/output/image_vectors/729237657278877.jpg.npy,5
output/bates/output/image_vectors/10101033959998041.jpg.npy,15
output/bates/output/image_vectors/10100988227241851.jpg.npy,8
output/bates/output/image_vectors/10100988282116881.jpg.npy,18
output/bates/output/image_vectors/10100988266972231.jpg.npy,10
output/bates/output/image_vectors/727756410760335.jpg.npy,11
output/bates/output/image_vectors/727757387426904.jpg.npy,12
output/bates/output/image_vectors/735524036650239.jpg.npy,12
output/bates/output/image_vectors/728347144034595.jpg.npy,3
output/bates/output/image_vectors/10100988280400321.jpg.npy,12
output/bates/output/image_vectors/10100988289102881.jpg.npy,4
output/bates/output/image_vectors/10100544530528621.jpg.npy,15
output/bates/output/image_vectors/10100988273424301.jpg.npy,7
output/bates/output/image_vectors/10100988269991181.jpg.npy,18
output/bates/output/image_vectors/10100988288628831.jpg.npy,8
output/bates/output/image_vectors/916290015671.jpg.npy,2
output/bates/output/image_vectors/10100988272655841.jpg.npy,7
output/bates/output/image_vectors/784749718481.jpg.npy,18
output/bates/output/image_vectors/10100988228843641.jpg.npy,14
output/bates/output/image_vectors/10100506480860461.jpg.npy,18
output/bates/output/image_vectors/505385386841.jpg.npy,11
output/bates/output/image_vectors/10100988274262621.jpg.npy,10
output/bates/output/image_vectors/729373673931942.jpg.npy,3
output/bates/output/image_vectors/727764577426185.jpg.npy,10
output/bates/output/image_vectors/727767774092532.jpg.npy,11
output/bates/output/image_vectors/727823947420248.jpg.npy,0
output/bates/output/image_vectors/505385506601.jpg.npy,3
output/bates/output/image_vectors/10100397428068131.jpg.npy,6
output/bates/output/image_vectors/10100988269078011.jpg.npy,18
output/bates/output/image_vectors/746588523821.jpg.npy,15
output/bates/output/image_vectors/727753754093934.jpg.npy,6
output/bates/output/image_vectors/10100988236962371.jpg.npy,4
output/bates/output/image_vectors/727816360754340.jpg.npy,0
output/bates/output/image_vectors/10100988271403351.jpg.npy,19
output/bates/output/image_vectors/10100988265320541.jpg.npy,16
output/bates/output/image_vectors/10100988289517051.jpg.npy,4
output/bates/output/image_vectors/10100787643902471.jpg.npy,18
output/bates/output/image_vectors/10100988273843461.jpg.npy,5
output/bates/output/image_vectors/10100988282850411.jpg.npy,2
output/bates/output/image_vectors/10100988264931321.jpg.npy,6
output/bates/output/image_vectors/10100988269966231.jpg.npy,10
output/bates/output/image_vectors/10100988279312501.jpg.npy,1
output/bates/output/image_vectors/10100988277116901.jpg.npy,1
output/bates/output/image_vectors/505385411791.jpg.npy,17
output/bates/output/image_vectors/10100988284317471.jpg.npy,18
output/bates/output/image_vectors/10100988228105121.jpg.npy,8
output/bates/output/image_vectors/727787334090576.jpg.npy,3
output/bates/output/image_vectors/10100988285644811.jpg.npy,16
output/bates/output/image_vectors/10100988288164761.jpg.npy,2
output/bates/output/image_vectors/10100988280185751.jpg.npy,9
output/bates/output/image_vectors/730317880504188.jpg.npy,6
output/bates/output/image_vectors/729240457278597.jpg.npy,12
output/bates/output/image_vectors/10100988236518261.jpg.npy,13
output/bates/output/image_vectors/727751297427513.jpg.npy,17
output/bates/output/image_vectors/10100988267890391.jpg.npy,18
output/bates/output/image_vectors/727751324094177.jpg.npy,3
output/bates/output/image_vectors/10100988234242821.jpg.npy,4
output/bates/output/image_vectors/10100488196118231.jpg.npy,17
output/bates/output/image_vectors/10100988226039261.jpg.npy,6
output/bates/output/image_vectors/10100988284147811.jpg.npy,2
output/bates/output/image_vectors/730317890504187.jpg.npy,9
output/bates/output/image_vectors/10100988282745621.jpg.npy,16
output/bates/output/image_vectors/10100988284547011.jpg.npy,7
output/bates/output/image_vectors/10100988273394361.jpg.npy,12
output/bates/output/image_vectors/10100988290624831.jpg.npy,16
output/bates/output/image_vectors/727767814092528.jpg.npy,17
output/bates/output/image_vectors/505385187241.jpg.npy,11
output/bates/output/image_vectors/728340447368598.jpg.npy,9
output/bates/output/image_vectors/505385311991.jpg.npy,11
output/bates/output/image_vectors/10100988285300501.jpg.npy,6
output/bates/output/image_vectors/10100988267635901.jpg.npy,10
output/bates/output/image_vectors/727761587426484.jpg.npy,8
output/bates/output/image_vectors/505385401811.jpg.npy,11
output/bates/output/image_vectors/729240500611926.jpg.npy,6
output/bates/output/image_vectors/10100988285889321.jpg.npy,2
output/bates/output/image_vectors/10100562347029211.jpg.npy,18
output/bates/output/image_vectors/10100988230540241.jpg.npy,14
output/bates/output/image_vectors/10100988289057971.jpg.npy,13
output/bates/output/image_vectors/10100988265704771.jpg.npy,7
output/bates/output/image_vectors/727789534090356.jpg.npy,5
output/bates/output/image_vectors/728533897349253.jpg.npy,5
